{
  "generated_at": "2025-07-03T02:32:49.601195",
  "overview": {
    "total_feedback_samples": 37,
    "total_pattern_files": 3,
    "total_weight_updates": 1,
    "latest_accuracy": 0.4
  },
  "model_stats": {
    "2025-07-03T02:32:49.601402": {
      "Organika/sdxl-detector": {
        "accuracy": 0.5277777777777778,
        "total_samples": 36,
        "correct_predictions": 19
      },
      "umm-maybe/AI-image-detector": {
        "accuracy": 0.4166666666666667,
        "total_samples": 36,
        "correct_predictions": 15
      },
      "saltacc/anime-ai-detect": {
        "accuracy": 0.3888888888888889,
        "total_samples": 36,
        "correct_predictions": 14
      },
      "microsoft/resnet-50": {
        "accuracy": 0.4166666666666667,
        "total_samples": 36,
        "correct_predictions": 15
      }
    }
  },
  "recent_patterns": [
    {
      "type": "filename_heuristic",
      "priority": "high",
      "insight": "Semantic keyword 'chatgpt' appears 3 times in AI-generated files",
      "action": "Enhance detection for 'chatgpt' pattern in filenames",
      "confidence_boost": 1.3
    },
    {
      "type": "error_pattern",
      "priority": "medium",
      "insight": "Files with semantic keyword 'chatgpt' often misclassified",
      "action": "Improve detection accuracy for 'chatgpt' pattern"
    },
    {
      "type": "model_performance",
      "priority": "medium",
      "insight": "Image detection accuracy is 60.0%",
      "action": "Consider additional image detection models or fine-tuning"
    },
    {
      "type": "filename_heuristic",
      "priority": "high",
      "insight": "Keyword 'png' appears 5 times in AI-generated files",
      "action": "Add 'png' to AI keyword detection list",
      "confidence_boost": 1.5
    },
    {
      "type": "error_pattern",
      "priority": "medium",
      "insight": "Files with 'chatgpt' often misclassified as false_negative_patterns",
      "action": "Create specific rule for 'chatgpt' pattern"
    },
    {
      "type": "filename_heuristic",
      "priority": "high",
      "insight": "Semantic keyword 'chatgpt' appears 3 times in AI-generated files",
      "action": "Enhance detection for 'chatgpt' pattern in filenames",
      "confidence_boost": 1.3
    },
    {
      "type": "error_pattern",
      "priority": "medium",
      "insight": "Files with semantic keyword 'chatgpt' often misclassified",
      "action": "Improve detection accuracy for 'chatgpt' pattern"
    },
    {
      "type": "model_performance",
      "priority": "medium",
      "insight": "Image detection accuracy is 60.0%",
      "action": "Consider additional image detection models or fine-tuning"
    }
  ],
  "performance_trends": []
}