timestamp,file_type,filename,model_name,individual_confidence,ensemble_confidence,final_result,processing_time_ms
2025-07-02T06:59:14.249914,image,6d8d7a3a-0f90-4e42-ad39-3774d54c27bd.png,umm-maybe/AI-image-detector,0.5310867130756378,0.5310867130756378,high_ai,4024.476
2025-07-02T08:06:54.667110,image,08a66b10-491c-46ce-949a-7e940c3b0f82.png,umm-maybe/AI-image-detector,0.2319287210702896,0.2319287210702896,very_low_human,2601.4179999999997
2025-07-02T08:07:16.329221,image,2025-06-09 20.37.01.jpg,umm-maybe/AI-image-detector,0.3943277597427368,0.3943277597427368,medium,3450.182
2025-07-02T08:11:23.834056,image,afrohausjan-179.jpg,umm-maybe/AI-image-detector,0.10415732860565186,0.10415732860565186,very_low_human,2328.177
2025-07-02T08:15:17.243535,image,afrocarribean-68.jpg,umm-maybe/AI-image-detector,0.10811543464660645,0.10811543464660645,very_low_human,2855.429
2025-07-02T08:20:15.903686,text,direct_input.txt,roberta-base-openai-detector,0.20785796642303467,0.21286337375640868,very_low_human,3795.423
2025-07-02T08:20:15.903686,text,direct_input.txt,Hello-SimpleAI/chatgpt-detector-roberta,0.22037148475646973,0.21286337375640868,very_low_human,3795.423
2025-07-02T08:20:23.120873,text,direct_input.txt,roberta-base-openai-detector,0.20785796642303467,0.21286337375640868,very_low_human,1995.82
2025-07-02T08:20:23.120873,text,direct_input.txt,Hello-SimpleAI/chatgpt-detector-roberta,0.22037148475646973,0.21286337375640868,very_low_human,1995.82
2025-07-02T08:23:25.888044,image,WhatsApp Image 2025-04-12 at 13.10.58.jpeg,umm-maybe/AI-image-detector,0.9442881345748901,0.9442881345748901,very_high_ai,4305.505
2025-07-02T08:27:14.353359,image,WhatsApp Image 2025-04-12 at 13.10.58.jpeg,umm-maybe/AI-image-detector,0.9442881345748901,0.9442881345748901,very_high_ai,2105.856
2025-07-02T08:35:27.026732,image,afrocaribbean2_-34.jpg,umm-maybe/AI-image-detector,0.1508440375328064,0.1508440375328064,very_low_human,7121.047
2025-07-02T08:36:07.091826,image,404fc3c1-a91c-4156-b8dc-163cd2f02c18.png,umm-maybe/AI-image-detector,0.6823449730873108,0.6823449730873108,high_ai,2417.32
2025-07-02T08:37:08.237607,text,direct_input.txt,roberta-base-openai-detector,0.9832151532173157,0.4614626559635998,high_ai,3533.128
2025-07-02T08:37:08.237607,text,direct_input.txt,Hello-SimpleAI/chatgpt-detector-roberta,0.03652799129486084,0.4614626559635998,high_ai,3533.128
2025-07-02T08:38:51.713813,text,direct_input.txt,roberta-base-openai-detector,0.49879515171051025,0.32966091632843014,medium,4364.943
2025-07-02T08:38:51.713813,text,direct_input.txt,Hello-SimpleAI/chatgpt-detector-roberta,0.07595956325531006,0.32966091632843014,medium,4364.943
2025-07-02T08:41:31.186431,text,direct_input.txt,roberta-base-openai-detector,0.9855280518531799,0.3788805822409675,medium,2138.541
2025-07-02T08:41:31.186431,text,direct_input.txt,Hello-SimpleAI/chatgpt-detector-roberta,0.0002556443214416504,0.3788805822409675,medium,2138.541
2025-07-02T08:52:06.566656,image,"ChatGPT Image Jul 2, 2025, 03_35_34 AM.png",umm-maybe/AI-image-detector,0.41257885098457336,0.41257885098457336,likely_human,2025.481
2025-07-02T08:54:38.373687,image,"ChatGPT Image Jul 2, 2025, 03_35_34 AM.png",umm-maybe/AI-image-detector,0.41257885098457336,0.742641931772232,possibly_ai,1718.162
2025-07-02T09:00:12.968481,text,direct_input.txt,roberta-base-openai-detector,0.8959237933158875,0.3546776517769336,likely_human,2807.037
2025-07-02T09:00:12.968481,text,direct_input.txt,Hello-SimpleAI/chatgpt-detector-roberta,0.00025957822799682617,0.3546776517769336,likely_human,2807.037
2025-07-02T09:06:49.454690,image,"ChatGPT Image Jun 28, 2025, 06_59_24 PM.png",umm-maybe/AI-image-detector,0.5028245449066162,0.9050841808319092,likely_ai,2470.185
2025-07-02T09:07:03.893621,image,6d8d7a3a-0f90-4e42-ad39-3774d54c27bd.png,umm-maybe/AI-image-detector,0.5310867130756378,0.5310867130756378,unsure,2052.4900000000002
2025-07-02T09:07:22.352944,image,2025-06-07 21.46.20.jpg,umm-maybe/AI-image-detector,0.6864418983459473,0.6864418983459473,possibly_ai,2761.685
2025-07-02T09:19:39.877938,image,$10 ENTRY.png,umm-maybe/AI-image-detector,0.787539541721344,0.787539541721344,possibly_ai,2593.098
2025-07-02T09:20:46.169611,image,brianna-23.jpg,umm-maybe/AI-image-detector,0.28664565086364746,0.28664565086364746,likely_human,2594.659
2025-07-02T09:32:24.728618,image,"ChatGPT Image Jun 8, 2025, 10_41_37 PM.png",umm-maybe/AI-image-detector,0.15339088439941406,0.27610359191894535,likely_human,3337.157
2025-07-02T09:44:42.220437,image,af005353-84e3-4cf5-8ab6-2e1a2ee6fd0a.png,umm-maybe/AI-image-detector,0.01643369533121586,0.01643369533121586,almost_certainly_human,2802.349
2025-07-02T10:28:31.952402,image,1000116377.jpg,umm-maybe/AI-image-detector,0.020006418228149414,0.020006418228149414,almost_certainly_human,3825.371
2025-07-02T10:29:23.218076,image,"ChatGPT Image Jun 10, 2025, 02_44_40 PM.png",umm-maybe/AI-image-detector,0.02090572379529476,0.03763030283153057,almost_certainly_human,3278.632
2025-07-02T10:29:59.620338,image,"ChatGPT Image Jun 10, 2025, 02_44_40 PM.png",umm-maybe/AI-image-detector,0.02090572379529476,0.03763030283153057,almost_certainly_human,4998.709
2025-07-02T10:38:11.126200,image,$10 ENTRY.png,umm-maybe/AI-image-detector,0.787539541721344,0.787539541721344,possibly_ai,5805.052
2025-07-02T10:38:28.366772,image,2025-05-28 17.03.52.jpg,umm-maybe/AI-image-detector,0.012235626578330994,0.012235626578330994,almost_certainly_human,5592.955
2025-07-02T10:46:47.820447,image,WhatsApp Image 2025-07-02 at 06.31.03.jpeg,umm-maybe/AI-image-detector,0.012110769748687744,0.012110769748687744,almost_certainly_human,3950.294
2025-07-02T10:48:51.803663,image,"ChatGPT Image Jul 2, 2025, 03_34_55 AM.png",umm-maybe/AI-image-detector,0.41257885098457336,0.742641931772232,possibly_ai,1539.733
2025-07-02T10:52:31.505832,image,WhatsApp Image 2025-07-02 at 06.31.03 (1).jpeg,umm-maybe/AI-image-detector,0.015068888664245605,0.015068888664245605,almost_certainly_human,1926.2649999999999
2025-07-02T10:53:17.212478,image,"ChatGPT Image Jul 2, 2025, 03_34_55 AM.png",umm-maybe/AI-image-detector,0.41257885098457336,0.742641931772232,possibly_ai,1491.7830000000001
2025-07-02T10:56:07.344441,image,WhatsApp Image 2025-07-02 at 06.31.03 (1).jpeg,umm-maybe/AI-image-detector,0.015068888664245605,0.015068888664245605,almost_certainly_human,1625.503
2025-07-02T11:04:38.831187,image,"ChatGPT Image Jun 28, 2025, 06_59_24 PM.png",umm-maybe/AI-image-detector,0.5028245449066162,0.9050841808319092,likely_ai,2402.98
2025-07-02T11:05:01.138910,image,$10 ENTRY.png,umm-maybe/AI-image-detector,0.787539541721344,0.787539541721344,possibly_ai,3387.7380000000003
2025-07-02T11:05:19.031441,image,WhatsApp Image 2025-07-02 at 06.31.03.jpeg,umm-maybe/AI-image-detector,0.012110769748687744,0.012110769748687744,almost_certainly_human,1509.266
2025-07-02T11:11:49.091719,image,WhatsApp Image 2025-07-02 at 06.31.03.jpeg,umm-maybe/AI-image-detector,0.012110769748687744,0.012110769748687744,almost_certainly_human,1714.529
2025-07-02T11:12:20.357966,image,6d8d7a3a-0f90-4e42-ad39-3774d54c27bd.png,umm-maybe/AI-image-detector,0.5310867130756378,0.5310867130756378,unsure,2188.306
2025-07-02T11:13:32.989696,image,seating_chart_visual.png,umm-maybe/AI-image-detector,0.2835889160633087,0.2835889160633087,likely_human,2050.363
2025-07-02T11:13:47.577764,image,$10 ENTRY (1).png,umm-maybe/AI-image-detector,0.8001308590173721,0.8001308590173721,possibly_ai,2266.1090000000004
2025-07-02T11:14:04.401260,image,6cd8e9c9-a552-497f-b205-ad909d28e08d.png,umm-maybe/AI-image-detector,0.11464647948741913,0.11464647948741913,almost_certainly_human,1457.442
2025-07-02T11:54:34.331434,image,$10 ENTRY.png,umm-maybe/AI-image-detector,0.787539541721344,0.787539541721344,possibly_ai,2196.181
2025-07-02T11:59:36.441553,image,"ChatGPT Image Jul 2, 2025, 03_34_55 AM.png",umm-maybe/AI-image-detector,0.41257885098457336,0.742641931772232,possibly_ai,4108.223
2025-07-02T12:09:08.548975,image,WhatsApp Image 2025-07-02 at 06.31.03.jpeg,umm-maybe/AI-image-detector,0.012110769748687744,0.40332784928619286,likely_human,16955.018
2025-07-02T12:09:08.548975,image,WhatsApp Image 2025-07-02 at 06.31.03.jpeg,Organika/sdxl-detector,0.9999170358059928,0.40332784928619286,likely_human,16955.018
2025-07-02T12:09:08.548975,image,WhatsApp Image 2025-07-02 at 06.31.03.jpeg,saltacc/anime-ai-detect,0.5750625729560852,0.40332784928619286,likely_human,16955.018
2025-07-02T12:10:20.888248,image,WhatsApp Image 2025-07-02 at 06.31.03.jpeg,umm-maybe/AI-image-detector,0.012110769748687744,0.40332784928619286,likely_human,6083.280000000001
2025-07-02T12:10:20.888248,image,WhatsApp Image 2025-07-02 at 06.31.03.jpeg,Organika/sdxl-detector,0.9999170358059928,0.40332784928619286,likely_human,6083.280000000001
2025-07-02T12:10:20.888248,image,WhatsApp Image 2025-07-02 at 06.31.03.jpeg,saltacc/anime-ai-detect,0.5750625729560852,0.40332784928619286,likely_human,6083.280000000001
2025-07-02T12:10:38.482071,image,WhatsApp Image 2025-07-02 at 06.31.03 (1).jpeg,umm-maybe/AI-image-detector,0.015068888664245605,0.3815111459701654,likely_human,8360.902
2025-07-02T12:10:38.482071,image,WhatsApp Image 2025-07-02 at 06.31.03 (1).jpeg,Organika/sdxl-detector,0.995158851146698,0.3815111459701654,likely_human,8360.902
2025-07-02T12:10:38.482071,image,WhatsApp Image 2025-07-02 at 06.31.03 (1).jpeg,saltacc/anime-ai-detect,0.4707801043987274,0.3815111459701654,likely_human,8360.902
2025-07-02T12:16:02.927546,image,WhatsApp Image 2025-07-02 at 06.31.03.jpeg,Organika/sdxl-detector,0.9999170358059928,0.4534570841732937,unsure,19051.731
2025-07-02T12:16:02.927546,image,WhatsApp Image 2025-07-02 at 06.31.03.jpeg,umm-maybe/AI-image-detector,0.012110769748687744,0.4534570841732937,unsure,19051.731
2025-07-02T12:16:02.927546,image,WhatsApp Image 2025-07-02 at 06.31.03.jpeg,saltacc/anime-ai-detect,0.5750625729560852,0.4534570841732937,unsure,19051.731
2025-07-02T12:16:02.927546,image,WhatsApp Image 2025-07-02 at 06.31.03.jpeg,Falconsai/nsfw_image_detection,0.00016570091247558594,0.4534570841732937,unsure,19051.731
2025-07-02T12:16:32.360320,image,WhatsApp Image 2025-07-02 at 06.31.03 (1).jpeg,Organika/sdxl-detector,0.995158851146698,0.4313957001425718,likely_human,13930.244
2025-07-02T12:16:32.360320,image,WhatsApp Image 2025-07-02 at 06.31.03 (1).jpeg,umm-maybe/AI-image-detector,0.015068888664245605,0.4313957001425718,likely_human,13930.244
2025-07-02T12:16:32.360320,image,WhatsApp Image 2025-07-02 at 06.31.03 (1).jpeg,saltacc/anime-ai-detect,0.4707801043987274,0.4313957001425718,likely_human,13930.244
2025-07-02T12:16:32.360320,image,WhatsApp Image 2025-07-02 at 06.31.03 (1).jpeg,Falconsai/nsfw_image_detection,0.00016176700592041016,0.4313957001425718,likely_human,13930.244
2025-07-02T12:19:53.149706,image,WhatsApp Image 2025-07-02 at 06.31.03.jpeg,Organika/sdxl-detector,0.9999170358059928,0.8279198587404957,possibly_ai,13679.885
2025-07-02T12:19:53.149706,image,WhatsApp Image 2025-07-02 at 06.31.03.jpeg,umm-maybe/AI-image-detector,0.012110769748687744,0.8279198587404957,possibly_ai,13679.885
2025-07-02T12:19:53.149706,image,WhatsApp Image 2025-07-02 at 06.31.03.jpeg,saltacc/anime-ai-detect,0.5750625729560852,0.8279198587404957,possibly_ai,13679.885
2025-07-02T12:19:53.149706,image,WhatsApp Image 2025-07-02 at 06.31.03.jpeg,Falconsai/nsfw_image_detection,0.00016570091247558594,0.8279198587404957,possibly_ai,13679.885
2025-07-02T12:20:41.335043,image,WhatsApp Image 2025-07-02 at 06.31.03 (1).jpeg,Organika/sdxl-detector,0.995158851146698,0.8066292549434463,possibly_ai,11450.749
2025-07-02T12:20:41.335043,image,WhatsApp Image 2025-07-02 at 06.31.03 (1).jpeg,umm-maybe/AI-image-detector,0.015068888664245605,0.8066292549434463,possibly_ai,11450.749
2025-07-02T12:20:41.335043,image,WhatsApp Image 2025-07-02 at 06.31.03 (1).jpeg,saltacc/anime-ai-detect,0.4707801043987274,0.8066292549434463,possibly_ai,11450.749
2025-07-02T12:20:41.335043,image,WhatsApp Image 2025-07-02 at 06.31.03 (1).jpeg,Falconsai/nsfw_image_detection,0.00016176700592041016,0.8066292549434463,possibly_ai,11450.749
2025-07-02T12:21:24.401103,image,WhatsApp Image 2025-07-02 at 06.31.03.jpeg,Organika/sdxl-detector,0.9999170358059928,0.8279198587404957,possibly_ai,7252.11
2025-07-02T12:21:24.401103,image,WhatsApp Image 2025-07-02 at 06.31.03.jpeg,umm-maybe/AI-image-detector,0.012110769748687744,0.8279198587404957,possibly_ai,7252.11
2025-07-02T12:21:24.401103,image,WhatsApp Image 2025-07-02 at 06.31.03.jpeg,saltacc/anime-ai-detect,0.5750625729560852,0.8279198587404957,possibly_ai,7252.11
2025-07-02T12:21:24.401103,image,WhatsApp Image 2025-07-02 at 06.31.03.jpeg,Falconsai/nsfw_image_detection,0.00016570091247558594,0.8279198587404957,possibly_ai,7252.11
2025-07-02T12:28:18.331446,image,WhatsApp Image 2025-07-02 at 06.31.03 (1).jpeg,Organika/sdxl-detector,0.995158851146698,1.0,likely_ai,24609.44
2025-07-02T12:28:18.331446,image,WhatsApp Image 2025-07-02 at 06.31.03 (1).jpeg,umm-maybe/AI-image-detector,0.015068888664245605,1.0,likely_ai,24609.44
2025-07-02T12:28:18.331446,image,WhatsApp Image 2025-07-02 at 06.31.03 (1).jpeg,saltacc/anime-ai-detect,0.4707801043987274,1.0,likely_ai,24609.44
2025-07-02T12:28:18.331446,image,WhatsApp Image 2025-07-02 at 06.31.03 (1).jpeg,Falconsai/nsfw_image_detection,0.00016176700592041016,1.0,likely_ai,24609.44
2025-07-02T12:38:22.450195,image,WhatsApp Image 2025-07-02 at 06.31.03 (1).jpeg,Organika/sdxl-detector,0.995158851146698,0.4414234386711433,likely_human,20207.833000000002
2025-07-02T12:38:22.450195,image,WhatsApp Image 2025-07-02 at 06.31.03 (1).jpeg,umm-maybe/AI-image-detector,0.015068888664245605,0.4414234386711433,likely_human,20207.833000000002
2025-07-02T12:38:22.450195,image,WhatsApp Image 2025-07-02 at 06.31.03 (1).jpeg,saltacc/anime-ai-detect,0.4707801043987274,0.4414234386711433,likely_human,20207.833000000002
2025-07-02T12:38:46.265237,image,WhatsApp Image 2025-07-02 at 06.31.03.jpeg,Organika/sdxl-detector,0.9999170358059928,0.5056357542732004,unsure,12993.818
2025-07-02T12:38:46.265237,image,WhatsApp Image 2025-07-02 at 06.31.03.jpeg,umm-maybe/AI-image-detector,0.012110769748687744,0.5056357542732004,unsure,12993.818
2025-07-02T12:38:46.265237,image,WhatsApp Image 2025-07-02 at 06.31.03.jpeg,saltacc/anime-ai-detect,0.5750625729560852,0.5056357542732004,unsure,12993.818
2025-07-02T12:44:43.303319,image,WhatsApp Image 2025-07-02 at 06.31.03.jpeg,Organika/sdxl-detector,0.9999170358059928,0.431109380503407,likely_human,16092.503
2025-07-02T12:44:43.303319,image,WhatsApp Image 2025-07-02 at 06.31.03.jpeg,microsoft/resnet-50,0.31634432077407837,0.431109380503407,likely_human,16092.503
2025-07-02T12:44:43.303319,image,WhatsApp Image 2025-07-02 at 06.31.03.jpeg,umm-maybe/AI-image-detector,0.012110769748687744,0.431109380503407,likely_human,16092.503
2025-07-02T12:44:43.303319,image,WhatsApp Image 2025-07-02 at 06.31.03.jpeg,saltacc/anime-ai-detect,0.5750625729560852,0.431109380503407,likely_human,16092.503
2025-07-02T12:45:01.331937,image,WhatsApp Image 2025-07-02 at 06.31.03 (1).jpeg,Organika/sdxl-detector,0.995158851146698,0.43564497041011135,likely_human,9160.316
2025-07-02T12:45:01.331937,image,WhatsApp Image 2025-07-02 at 06.31.03 (1).jpeg,microsoft/resnet-50,0.3829606771469116,0.43564497041011135,likely_human,9160.316
2025-07-02T12:45:01.331937,image,WhatsApp Image 2025-07-02 at 06.31.03 (1).jpeg,umm-maybe/AI-image-detector,0.015068888664245605,0.43564497041011135,likely_human,9160.316
2025-07-02T12:45:01.331937,image,WhatsApp Image 2025-07-02 at 06.31.03 (1).jpeg,saltacc/anime-ai-detect,0.4707801043987274,0.43564497041011135,likely_human,9160.316
2025-07-02T12:49:42.527653,image,WhatsApp Image 2025-07-02 at 06.31.03.jpeg,Organika/sdxl-detector,0.9999170358059928,0.5604421946544291,unsure,12960.239
2025-07-02T12:49:42.527653,image,WhatsApp Image 2025-07-02 at 06.31.03.jpeg,microsoft/resnet-50,0.31634432077407837,0.5604421946544291,unsure,12960.239
2025-07-02T12:49:42.527653,image,WhatsApp Image 2025-07-02 at 06.31.03.jpeg,umm-maybe/AI-image-detector,0.012110769748687744,0.5604421946544291,unsure,12960.239
2025-07-02T12:49:42.527653,image,WhatsApp Image 2025-07-02 at 06.31.03.jpeg,saltacc/anime-ai-detect,0.5750625729560852,0.5604421946544291,unsure,12960.239
2025-07-02T12:49:57.300538,image,WhatsApp Image 2025-07-02 at 06.31.03 (1).jpeg,Organika/sdxl-detector,0.995158851146698,0.5663384615331448,unsure,6136.196
2025-07-02T12:49:57.300538,image,WhatsApp Image 2025-07-02 at 06.31.03 (1).jpeg,microsoft/resnet-50,0.3829606771469116,0.5663384615331448,unsure,6136.196
2025-07-02T12:49:57.300538,image,WhatsApp Image 2025-07-02 at 06.31.03 (1).jpeg,umm-maybe/AI-image-detector,0.015068888664245605,0.5663384615331448,unsure,6136.196
2025-07-02T12:49:57.300538,image,WhatsApp Image 2025-07-02 at 06.31.03 (1).jpeg,saltacc/anime-ai-detect,0.4707801043987274,0.5663384615331448,unsure,6136.196
2025-07-02T12:52:17.795770,image,WhatsApp Image 2025-07-02 at 06.31.03.jpeg,Organika/sdxl-detector,0.9999170358059928,0.5604421946544291,unsure,13323.7
2025-07-02T12:52:17.795770,image,WhatsApp Image 2025-07-02 at 06.31.03.jpeg,microsoft/resnet-50,0.31634432077407837,0.5604421946544291,unsure,13323.7
2025-07-02T12:52:17.795770,image,WhatsApp Image 2025-07-02 at 06.31.03.jpeg,umm-maybe/AI-image-detector,0.012110769748687744,0.5604421946544291,unsure,13323.7
2025-07-02T12:52:17.795770,image,WhatsApp Image 2025-07-02 at 06.31.03.jpeg,saltacc/anime-ai-detect,0.5750625729560852,0.5604421946544291,unsure,13323.7
2025-07-02T12:54:21.215046,image,WhatsApp Image 2025-07-02 at 06.31.03.jpeg,Organika/sdxl-detector,0.9999170358059928,0.5604421946544291,unsure,13194.995
2025-07-02T12:54:21.215046,image,WhatsApp Image 2025-07-02 at 06.31.03.jpeg,microsoft/resnet-50,0.31634432077407837,0.5604421946544291,unsure,13194.995
2025-07-02T12:54:21.215046,image,WhatsApp Image 2025-07-02 at 06.31.03.jpeg,umm-maybe/AI-image-detector,0.012110769748687744,0.5604421946544291,unsure,13194.995
2025-07-02T12:54:21.215046,image,WhatsApp Image 2025-07-02 at 06.31.03.jpeg,saltacc/anime-ai-detect,0.5750625729560852,0.5604421946544291,unsure,13194.995
2025-07-02T12:56:41.230622,image,WhatsApp Image 2025-07-02 at 06.31.03.jpeg,Organika/sdxl-detector,0.9999170358059928,0.5604421946544291,unsure,12345.929
2025-07-02T12:56:41.230622,image,WhatsApp Image 2025-07-02 at 06.31.03.jpeg,microsoft/resnet-50,0.31634432077407837,0.5604421946544291,unsure,12345.929
2025-07-02T12:56:41.230622,image,WhatsApp Image 2025-07-02 at 06.31.03.jpeg,umm-maybe/AI-image-detector,0.012110769748687744,0.5604421946544291,unsure,12345.929
2025-07-02T12:56:41.230622,image,WhatsApp Image 2025-07-02 at 06.31.03.jpeg,saltacc/anime-ai-detect,0.5750625729560852,0.5604421946544291,unsure,12345.929
2025-07-02T12:59:02.872902,image,WhatsApp Image 2025-07-02 at 06.31.03.jpeg,Organika/sdxl-detector,0.9999170358059928,0.5604421946544291,unsure,10804.839
2025-07-02T12:59:02.872902,image,WhatsApp Image 2025-07-02 at 06.31.03.jpeg,microsoft/resnet-50,0.31634432077407837,0.5604421946544291,unsure,10804.839
2025-07-02T12:59:02.872902,image,WhatsApp Image 2025-07-02 at 06.31.03.jpeg,umm-maybe/AI-image-detector,0.012110769748687744,0.5604421946544291,unsure,10804.839
2025-07-02T12:59:02.872902,image,WhatsApp Image 2025-07-02 at 06.31.03.jpeg,saltacc/anime-ai-detect,0.5750625729560852,0.5604421946544291,unsure,10804.839
2025-07-02T13:01:06.341797,image,WhatsApp Image 2025-07-02 at 06.31.03.jpeg,Organika/sdxl-detector,0.9999170358059928,0.5604421946544291,unsure,16063.220000000001
2025-07-02T13:01:06.341797,image,WhatsApp Image 2025-07-02 at 06.31.03.jpeg,microsoft/resnet-50,0.31634432077407837,0.5604421946544291,unsure,16063.220000000001
2025-07-02T13:01:06.341797,image,WhatsApp Image 2025-07-02 at 06.31.03.jpeg,umm-maybe/AI-image-detector,0.012110769748687744,0.5604421946544291,unsure,16063.220000000001
2025-07-02T13:01:06.341797,image,WhatsApp Image 2025-07-02 at 06.31.03.jpeg,saltacc/anime-ai-detect,0.5750625729560852,0.5604421946544291,unsure,16063.220000000001
2025-07-02T13:10:01.377894,image,WhatsApp Image 2025-07-02 at 06.31.03.jpeg,Organika/sdxl-detector,0.9999170358059928,0.5604421946544291,unsure,11032.154999999999
2025-07-02T13:10:01.377894,image,WhatsApp Image 2025-07-02 at 06.31.03.jpeg,microsoft/resnet-50,0.31634432077407837,0.5604421946544291,unsure,11032.154999999999
2025-07-02T13:10:01.377894,image,WhatsApp Image 2025-07-02 at 06.31.03.jpeg,umm-maybe/AI-image-detector,0.012110769748687744,0.5604421946544291,unsure,11032.154999999999
2025-07-02T13:10:01.377894,image,WhatsApp Image 2025-07-02 at 06.31.03.jpeg,saltacc/anime-ai-detect,0.5750625729560852,0.5604421946544291,unsure,11032.154999999999
2025-07-02T13:14:55.978897,image,WhatsApp Image 2025-07-02 at 06.31.03.jpeg,Organika/sdxl-detector,0.9999170358059928,0.5604421946544291,unsure,11656.051
2025-07-02T13:14:55.978897,image,WhatsApp Image 2025-07-02 at 06.31.03.jpeg,microsoft/resnet-50,0.31634432077407837,0.5604421946544291,unsure,11656.051
2025-07-02T13:14:55.978897,image,WhatsApp Image 2025-07-02 at 06.31.03.jpeg,umm-maybe/AI-image-detector,0.012110769748687744,0.5604421946544291,unsure,11656.051
2025-07-02T13:14:55.978897,image,WhatsApp Image 2025-07-02 at 06.31.03.jpeg,saltacc/anime-ai-detect,0.5750625729560852,0.5604421946544291,unsure,11656.051
2025-07-02T13:20:49.187046,image,WhatsApp Image 2025-07-02 at 06.31.03.jpeg,Organika/sdxl-detector,0.9999170358059928,0.5604421946544291,unsure,6764.441
2025-07-02T13:20:49.187046,image,WhatsApp Image 2025-07-02 at 06.31.03.jpeg,microsoft/resnet-50,0.31634432077407837,0.5604421946544291,unsure,6764.441
2025-07-02T13:20:49.187046,image,WhatsApp Image 2025-07-02 at 06.31.03.jpeg,umm-maybe/AI-image-detector,0.012110769748687744,0.5604421946544291,unsure,6764.441
2025-07-02T13:20:49.187046,image,WhatsApp Image 2025-07-02 at 06.31.03.jpeg,saltacc/anime-ai-detect,0.5750625729560852,0.5604421946544291,unsure,6764.441
2025-07-02T13:26:22.496623,image,WhatsApp Image 2025-07-02 at 06.31.03.jpeg,Organika/sdxl-detector,0.9999170358059928,0.9999170358059928,likely_ai,20041.915
2025-07-02T13:26:22.496623,image,WhatsApp Image 2025-07-02 at 06.31.03.jpeg,microsoft/resnet-50,0.31634432077407837,0.9999170358059928,likely_ai,20041.915
2025-07-02T13:26:22.496623,image,WhatsApp Image 2025-07-02 at 06.31.03.jpeg,umm-maybe/AI-image-detector,0.012110769748687744,0.9999170358059928,likely_ai,20041.915
2025-07-02T13:26:22.496623,image,WhatsApp Image 2025-07-02 at 06.31.03.jpeg,saltacc/anime-ai-detect,0.5750625729560852,0.9999170358059928,likely_ai,20041.915
2025-07-02T13:26:57.854893,image,WhatsApp Image 2025-07-02 at 06.31.03 (1).jpeg,Organika/sdxl-detector,0.995158851146698,0.5663384615331448,unsure,18262.851000000002
2025-07-02T13:26:57.854893,image,WhatsApp Image 2025-07-02 at 06.31.03 (1).jpeg,microsoft/resnet-50,0.3829606771469116,0.5663384615331448,unsure,18262.851000000002
2025-07-02T13:26:57.854893,image,WhatsApp Image 2025-07-02 at 06.31.03 (1).jpeg,umm-maybe/AI-image-detector,0.015068888664245605,0.5663384615331448,unsure,18262.851000000002
2025-07-02T13:26:57.854893,image,WhatsApp Image 2025-07-02 at 06.31.03 (1).jpeg,saltacc/anime-ai-detect,0.4707801043987274,0.5663384615331448,unsure,18262.851000000002
2025-07-02T13:45:24.095813,image,WhatsApp Image 2025-07-02 at 06.31.03.jpeg,Organika/sdxl-detector,0.9999170358059928,0.9999170358059928,likely_ai,10489.406
2025-07-02T13:45:24.095813,image,WhatsApp Image 2025-07-02 at 06.31.03.jpeg,microsoft/resnet-50,0.31634432077407837,0.9999170358059928,likely_ai,10489.406
2025-07-02T13:45:24.095813,image,WhatsApp Image 2025-07-02 at 06.31.03.jpeg,umm-maybe/AI-image-detector,0.012110769748687744,0.9999170358059928,likely_ai,10489.406
2025-07-02T13:45:24.095813,image,WhatsApp Image 2025-07-02 at 06.31.03.jpeg,saltacc/anime-ai-detect,0.5750625729560852,0.9999170358059928,likely_ai,10489.406
2025-07-02T13:46:41.104084,image,"ChatGPT Image Jul 2, 2025, 03_34_55 AM.png",Organika/sdxl-detector,0.9990338087081909,0.9990338087081909,likely_ai,8737.532
2025-07-02T13:46:41.104084,image,"ChatGPT Image Jul 2, 2025, 03_34_55 AM.png",microsoft/resnet-50,0.038275185972452164,0.9990338087081909,likely_ai,8737.532
2025-07-02T13:46:41.104084,image,"ChatGPT Image Jul 2, 2025, 03_34_55 AM.png",umm-maybe/AI-image-detector,0.41257885098457336,0.9990338087081909,likely_ai,8737.532
2025-07-02T13:46:41.104084,image,"ChatGPT Image Jul 2, 2025, 03_34_55 AM.png",saltacc/anime-ai-detect,0.23227107524871826,0.9990338087081909,likely_ai,8737.532
2025-07-02T13:47:10.482111,image,"ChatGPT Image Jun 28, 2025, 06_59_24 PM.png",Organika/sdxl-detector,0.008838415145874023,0.4762774526447716,unsure,11793.07
2025-07-02T13:47:10.482111,image,"ChatGPT Image Jun 28, 2025, 06_59_24 PM.png",microsoft/resnet-50,0.8744503855705261,0.4762774526447716,unsure,11793.07
2025-07-02T13:47:10.482111,image,"ChatGPT Image Jun 28, 2025, 06_59_24 PM.png",umm-maybe/AI-image-detector,0.5028245449066162,0.4762774526447716,unsure,11793.07
2025-07-02T13:47:10.482111,image,"ChatGPT Image Jun 28, 2025, 06_59_24 PM.png",saltacc/anime-ai-detect,0.05862981081008911,0.4762774526447716,unsure,11793.07
2025-07-02T13:47:43.943717,image,2025-06-09 18.55.12.jpg,Organika/sdxl-detector,0.9999616146087646,0.9999616146087646,likely_ai,12146.773
2025-07-02T13:47:43.943717,image,2025-06-09 18.55.12.jpg,microsoft/resnet-50,0.00018325047858525068,0.9999616146087646,likely_ai,12146.773
2025-07-02T13:47:43.943717,image,2025-06-09 18.55.12.jpg,umm-maybe/AI-image-detector,0.04841816425323486,0.9999616146087646,likely_ai,12146.773
2025-07-02T13:47:43.943717,image,2025-06-09 18.55.12.jpg,saltacc/anime-ai-detect,0.09144002944231033,0.9999616146087646,likely_ai,12146.773
2025-07-02T13:48:02.280641,image,2025-06-17 20.48.08.jpg,Organika/sdxl-detector,0.9576801657676697,0.5127316498203175,unsure,8829.046999999999
2025-07-02T13:48:02.280641,image,2025-06-17 20.48.08.jpg,microsoft/resnet-50,6.0059286624891683e-05,0.5127316498203175,unsure,8829.046999999999
2025-07-02T13:48:02.280641,image,2025-06-17 20.48.08.jpg,umm-maybe/AI-image-detector,0.9973462235648185,0.5127316498203175,unsure,8829.046999999999
2025-07-02T13:48:02.280641,image,2025-06-17 20.48.08.jpg,saltacc/anime-ai-detect,0.013148367404937744,0.5127316498203175,unsure,8829.046999999999
2025-07-02T13:56:40.345451,image,2025-06-08 22.47.15.jpg,Organika/sdxl-detector,0.9997289776802063,0.9997289776802063,likely_ai,12339.886
2025-07-02T13:56:40.345451,image,2025-06-08 22.47.15.jpg,microsoft/resnet-50,0.01566251926124096,0.9997289776802063,likely_ai,12339.886
2025-07-02T13:56:40.345451,image,2025-06-08 22.47.15.jpg,umm-maybe/AI-image-detector,0.2308472990989685,0.9997289776802063,likely_ai,12339.886
2025-07-02T13:56:40.345451,image,2025-06-08 22.47.15.jpg,saltacc/anime-ai-detect,0.17795062065124512,0.9997289776802063,likely_ai,12339.886
2025-07-02T13:56:57.727870,image,WhatsApp Image 2025-07-02 at 06.31.03 (1).jpeg,Organika/sdxl-detector,0.995158851146698,0.5663384615331448,unsure,8736.325
2025-07-02T13:56:57.727870,image,WhatsApp Image 2025-07-02 at 06.31.03 (1).jpeg,microsoft/resnet-50,0.3829606771469116,0.5663384615331448,unsure,8736.325
2025-07-02T13:56:57.727870,image,WhatsApp Image 2025-07-02 at 06.31.03 (1).jpeg,umm-maybe/AI-image-detector,0.015068888664245605,0.5663384615331448,unsure,8736.325
2025-07-02T13:56:57.727870,image,WhatsApp Image 2025-07-02 at 06.31.03 (1).jpeg,saltacc/anime-ai-detect,0.4707801043987274,0.5663384615331448,unsure,8736.325
2025-07-02T13:57:15.146578,image,"ChatGPT Image Jun 28, 2025, 06_59_24 PM.png",Organika/sdxl-detector,0.008838415145874023,0.4762774526447716,unsure,10311.958
2025-07-02T13:57:15.146578,image,"ChatGPT Image Jun 28, 2025, 06_59_24 PM.png",microsoft/resnet-50,0.8744503855705261,0.4762774526447716,unsure,10311.958
2025-07-02T13:57:15.146578,image,"ChatGPT Image Jun 28, 2025, 06_59_24 PM.png",umm-maybe/AI-image-detector,0.5028245449066162,0.4762774526447716,unsure,10311.958
2025-07-02T13:57:15.146578,image,"ChatGPT Image Jun 28, 2025, 06_59_24 PM.png",saltacc/anime-ai-detect,0.05862981081008911,0.4762774526447716,unsure,10311.958
2025-07-02T13:58:50.919545,image,"ChatGPT Image Jun 28, 2025, 06_59_24 PM.png",Organika/sdxl-detector,0.008838415145874023,0.6803963609211023,possibly_ai,11132.975
2025-07-02T13:58:50.919545,image,"ChatGPT Image Jun 28, 2025, 06_59_24 PM.png",microsoft/resnet-50,0.8744503855705261,0.6803963609211023,possibly_ai,11132.975
2025-07-02T13:58:50.919545,image,"ChatGPT Image Jun 28, 2025, 06_59_24 PM.png",umm-maybe/AI-image-detector,0.5028245449066162,0.6803963609211023,possibly_ai,11132.975
2025-07-02T13:58:50.919545,image,"ChatGPT Image Jun 28, 2025, 06_59_24 PM.png",saltacc/anime-ai-detect,0.05862981081008911,0.6803963609211023,possibly_ai,11132.975
2025-07-02T14:00:48.421550,image,afrojoeymay-122.jpg,Organika/sdxl-detector,0.9987928487826139,0.3885393181447873,likely_human,14296.208999999999
2025-07-02T14:00:48.421550,image,afrojoeymay-122.jpg,microsoft/resnet-50,0.0002067915629595518,0.3885393181447873,likely_human,14296.208999999999
2025-07-02T14:00:48.421550,image,afrojoeymay-122.jpg,umm-maybe/AI-image-detector,0.1462547779083252,0.3885393181447873,likely_human,14296.208999999999
2025-07-02T14:00:48.421550,image,afrojoeymay-122.jpg,saltacc/anime-ai-detect,0.07375279068946838,0.3885393181447873,likely_human,14296.208999999999
2025-07-02T14:01:50.627284,image,629e0c60-4197-4fb6-a35e-0297b1026647.png,Organika/sdxl-detector,0.8970047235488892,0.4039894142316137,likely_human,18832.823
2025-07-02T14:01:50.627284,image,629e0c60-4197-4fb6-a35e-0297b1026647.png,microsoft/resnet-50,0.0701482892036438,0.4039894142316137,likely_human,18832.823
2025-07-02T14:01:50.627284,image,629e0c60-4197-4fb6-a35e-0297b1026647.png,umm-maybe/AI-image-detector,0.06310183554887772,0.4039894142316137,likely_human,18832.823
2025-07-02T14:01:50.627284,image,629e0c60-4197-4fb6-a35e-0297b1026647.png,saltacc/anime-ai-detect,0.2522304654121399,0.4039894142316137,likely_human,18832.823
2025-07-02T14:02:08.729424,image,bf92b566-3238-4d2f-8e05-97c7877bbfa7.png,Organika/sdxl-detector,0.8919995427131653,0.8272320628464223,possibly_ai,8028.746
2025-07-02T14:02:08.729424,image,bf92b566-3238-4d2f-8e05-97c7877bbfa7.png,microsoft/resnet-50,0.12281149625778198,0.8272320628464223,possibly_ai,8028.746
2025-07-02T14:02:08.729424,image,bf92b566-3238-4d2f-8e05-97c7877bbfa7.png,umm-maybe/AI-image-detector,0.6551938056945801,0.8272320628464223,possibly_ai,8028.746
2025-07-02T14:02:08.729424,image,bf92b566-3238-4d2f-8e05-97c7877bbfa7.png,saltacc/anime-ai-detect,0.6796114146709442,0.8272320628464223,possibly_ai,8028.746
2025-07-02T14:21:30.826900,image,"ChatGPT Image Jul 2, 2025, 03_35_34 AM.png",Organika/sdxl-detector,0.9990338087081909,0.9990338087081909,likely_ai,9679.384
2025-07-02T14:21:30.826900,image,"ChatGPT Image Jul 2, 2025, 03_35_34 AM.png",microsoft/resnet-50,0.038275185972452164,0.9990338087081909,likely_ai,9679.384
2025-07-02T14:21:30.826900,image,"ChatGPT Image Jul 2, 2025, 03_35_34 AM.png",umm-maybe/AI-image-detector,0.41257885098457336,0.9990338087081909,likely_ai,9679.384
2025-07-02T14:21:30.826900,image,"ChatGPT Image Jul 2, 2025, 03_35_34 AM.png",saltacc/anime-ai-detect,0.23227107524871826,0.9990338087081909,likely_ai,9679.384
2025-07-02T14:21:53.320411,image,404fc3c1-a91c-4156-b8dc-163cd2f02c18.png,Organika/sdxl-detector,0.9997509708045982,0.9997509708045982,likely_ai,7913.979
2025-07-02T14:21:53.320411,image,404fc3c1-a91c-4156-b8dc-163cd2f02c18.png,microsoft/resnet-50,0.009393453598022461,0.9997509708045982,likely_ai,7913.979
2025-07-02T14:21:53.320411,image,404fc3c1-a91c-4156-b8dc-163cd2f02c18.png,umm-maybe/AI-image-detector,0.6823449730873108,0.9997509708045982,likely_ai,7913.979
2025-07-02T14:21:53.320411,image,404fc3c1-a91c-4156-b8dc-163cd2f02c18.png,saltacc/anime-ai-detect,0.24645847082138062,0.9997509708045982,likely_ai,7913.979
2025-07-02T14:22:15.490497,image,68587a80-c024-4cfd-b572-7f9dfadf66df.png,Organika/sdxl-detector,0.9891524566337466,1.0,likely_ai,8118.786
2025-07-02T14:22:15.490497,image,68587a80-c024-4cfd-b572-7f9dfadf66df.png,microsoft/resnet-50,0.6494322717189789,1.0,likely_ai,8118.786
2025-07-02T14:22:15.490497,image,68587a80-c024-4cfd-b572-7f9dfadf66df.png,umm-maybe/AI-image-detector,0.4968529939651489,1.0,likely_ai,8118.786
2025-07-02T14:22:15.490497,image,68587a80-c024-4cfd-b572-7f9dfadf66df.png,saltacc/anime-ai-detect,0.7453062534332275,1.0,likely_ai,8118.786
2025-07-02T14:39:05.048972,image,"ChatGPT Image Jul 2, 2025, 03_35_34 AM.png",Organika/sdxl-detector,0.9990338087081909,0.9990338087081909,likely_ai,13548.795
2025-07-02T14:39:05.048972,image,"ChatGPT Image Jul 2, 2025, 03_35_34 AM.png",microsoft/resnet-50,0.038275185972452164,0.9990338087081909,likely_ai,13548.795
2025-07-02T14:39:05.048972,image,"ChatGPT Image Jul 2, 2025, 03_35_34 AM.png",umm-maybe/AI-image-detector,0.41257885098457336,0.9990338087081909,likely_ai,13548.795
2025-07-02T14:39:05.048972,image,"ChatGPT Image Jul 2, 2025, 03_35_34 AM.png",saltacc/anime-ai-detect,0.23227107524871826,0.9990338087081909,likely_ai,13548.795
2025-07-02T14:44:12.655129,image,Afro_Vibes_New_Flyer_1x1.jpeg,Organika/sdxl-detector,0.0035983368288725615,0.10103873546403126,almost_certainly_human,8196.085000000001
2025-07-02T14:44:12.655129,image,Afro_Vibes_New_Flyer_1x1.jpeg,microsoft/resnet-50,8.273124694824219e-05,0.10103873546403126,almost_certainly_human,8196.085000000001
2025-07-02T14:44:12.655129,image,Afro_Vibes_New_Flyer_1x1.jpeg,umm-maybe/AI-image-detector,0.8731113821268082,0.10103873546403126,almost_certainly_human,8196.085000000001
2025-07-02T14:44:12.655129,image,Afro_Vibes_New_Flyer_1x1.jpeg,saltacc/anime-ai-detect,0.011421680450439453,0.10103873546403126,almost_certainly_human,8196.085000000001
2025-07-02T14:45:00.830985,image,0D101506-F970-4283-BE89-1606C5F3EB51.png,Organika/sdxl-detector,0.9974759221076965,0.5139826379739444,unsure,7837.871
2025-07-02T14:45:00.830985,image,0D101506-F970-4283-BE89-1606C5F3EB51.png,microsoft/resnet-50,0.0066522955894470215,0.5139826379739444,unsure,7837.871
2025-07-02T14:45:00.830985,image,0D101506-F970-4283-BE89-1606C5F3EB51.png,umm-maybe/AI-image-detector,0.1990208625793457,0.5139826379739444,unsure,7837.871
2025-07-02T14:45:00.830985,image,0D101506-F970-4283-BE89-1606C5F3EB51.png,saltacc/anime-ai-detect,0.7100673913955688,0.5139826379739444,unsure,7837.871
2025-07-02T21:21:26.023603,image,WhatsApp Image 2025-07-02 at 06.31.03.jpeg,Organika/sdxl-detector,0.9999170358059928,0.9999170358059928,likely_ai,8981.639
2025-07-02T21:21:26.023603,image,WhatsApp Image 2025-07-02 at 06.31.03.jpeg,microsoft/resnet-50,0.31634432077407837,0.9999170358059928,likely_ai,8981.639
2025-07-02T21:21:26.023603,image,WhatsApp Image 2025-07-02 at 06.31.03.jpeg,umm-maybe/AI-image-detector,0.012110769748687744,0.9999170358059928,likely_ai,8981.639
2025-07-02T21:21:26.023603,image,WhatsApp Image 2025-07-02 at 06.31.03.jpeg,saltacc/anime-ai-detect,0.5750625729560852,0.9999170358059928,likely_ai,8981.639
2025-07-02T21:34:54.356273,image,WhatsApp Image 2025-07-02 at 06.31.03.jpeg,Organika/sdxl-detector,0.9999170358059928,0.9999170358059928,likely_ai,24804.797000000002
2025-07-02T21:34:54.356273,image,WhatsApp Image 2025-07-02 at 06.31.03.jpeg,microsoft/resnet-50,0.31634432077407837,0.9999170358059928,likely_ai,24804.797000000002
2025-07-02T21:34:54.356273,image,WhatsApp Image 2025-07-02 at 06.31.03.jpeg,umm-maybe/AI-image-detector,0.012110769748687744,0.9999170358059928,likely_ai,24804.797000000002
2025-07-02T21:34:54.356273,image,WhatsApp Image 2025-07-02 at 06.31.03.jpeg,saltacc/anime-ai-detect,0.5750625729560852,0.9999170358059928,likely_ai,24804.797000000002
2025-07-02T21:35:33.492448,image,"ChatGPT Image Jun 28, 2025, 06_59_24 PM.png",Organika/sdxl-detector,0.008838415145874023,0.6803963609211023,possibly_ai,5977.386
2025-07-02T21:35:33.492448,image,"ChatGPT Image Jun 28, 2025, 06_59_24 PM.png",microsoft/resnet-50,0.8744503855705261,0.6803963609211023,possibly_ai,5977.386
2025-07-02T21:35:33.492448,image,"ChatGPT Image Jun 28, 2025, 06_59_24 PM.png",umm-maybe/AI-image-detector,0.5028245449066162,0.6803963609211023,possibly_ai,5977.386
2025-07-02T21:35:33.492448,image,"ChatGPT Image Jun 28, 2025, 06_59_24 PM.png",saltacc/anime-ai-detect,0.05862981081008911,0.6803963609211023,possibly_ai,5977.386
2025-07-02T21:39:58.216931,image,amorkorfam-3.jpg,Organika/sdxl-detector,6.426902109524235e-05,0.18883618436603378,almost_certainly_human,8862.655999999999
2025-07-02T21:39:58.216931,image,amorkorfam-3.jpg,microsoft/resnet-50,0.6155865788459778,0.18883618436603378,almost_certainly_human,8862.655999999999
2025-07-02T21:39:58.216931,image,amorkorfam-3.jpg,umm-maybe/AI-image-detector,0.08334171026945114,0.18883618436603378,almost_certainly_human,8862.655999999999
2025-07-02T21:39:58.216931,image,amorkorfam-3.jpg,saltacc/anime-ai-detect,0.41040143370628357,0.18883618436603378,almost_certainly_human,8862.655999999999
2025-07-02T21:43:55.984293,image,WhatsApp Image 2025-07-02 at 06.31.03.jpeg,Organika/sdxl-detector,0.9999170358059928,0.9999170358059928,likely_ai,14338.725
2025-07-02T21:43:55.984293,image,WhatsApp Image 2025-07-02 at 06.31.03.jpeg,microsoft/resnet-50,0.31634432077407837,0.9999170358059928,likely_ai,14338.725
2025-07-02T21:43:55.984293,image,WhatsApp Image 2025-07-02 at 06.31.03.jpeg,umm-maybe/AI-image-detector,0.012110769748687744,0.9999170358059928,likely_ai,14338.725
2025-07-02T21:43:55.984293,image,WhatsApp Image 2025-07-02 at 06.31.03.jpeg,saltacc/anime-ai-detect,0.5750625729560852,0.9999170358059928,likely_ai,14338.725
2025-07-02T21:44:19.210539,image,5a81e5bc-6f62-4e05-81bf-777e545990e5.png,Organika/sdxl-detector,0.07453715801239014,0.16377335717280703,almost_certainly_human,9036.763
2025-07-02T21:44:19.210539,image,5a81e5bc-6f62-4e05-81bf-777e545990e5.png,microsoft/resnet-50,0.6739611923694611,0.16377335717280703,almost_certainly_human,9036.763
2025-07-02T21:44:19.210539,image,5a81e5bc-6f62-4e05-81bf-777e545990e5.png,umm-maybe/AI-image-detector,0.03161710500717163,0.16377335717280703,almost_certainly_human,9036.763
2025-07-02T21:44:19.210539,image,5a81e5bc-6f62-4e05-81bf-777e545990e5.png,saltacc/anime-ai-detect,0.0036266446113586426,0.16377335717280703,almost_certainly_human,9036.763
2025-07-02T21:45:39.902374,image,$10 ENTRY (1).png,Organika/sdxl-detector,0.9835738409310579,1.0,likely_ai,7790.9439999999995
2025-07-02T21:45:39.902374,image,$10 ENTRY (1).png,microsoft/resnet-50,0.6027966141700745,1.0,likely_ai,7790.9439999999995
2025-07-02T21:45:39.902374,image,$10 ENTRY (1).png,umm-maybe/AI-image-detector,0.8001308590173721,1.0,likely_ai,7790.9439999999995
2025-07-02T21:45:39.902374,image,$10 ENTRY (1).png,saltacc/anime-ai-detect,0.32878726720809937,1.0,likely_ai,7790.9439999999995
2025-07-02T21:46:10.627984,image,"ChatGPT Image Jun 7, 2025, 06_39_52 AM.png",Organika/sdxl-detector,0.00014091293269302696,0.5439298852827654,unsure,6134.789
2025-07-02T21:46:10.627984,image,"ChatGPT Image Jun 7, 2025, 06_39_52 AM.png",microsoft/resnet-50,0.8256769925355911,0.5439298852827654,unsure,6134.789
2025-07-02T21:46:10.627984,image,"ChatGPT Image Jun 7, 2025, 06_39_52 AM.png",umm-maybe/AI-image-detector,0.23278743028640747,0.5439298852827654,unsure,6134.789
2025-07-02T21:46:10.627984,image,"ChatGPT Image Jun 7, 2025, 06_39_52 AM.png",saltacc/anime-ai-detect,0.015591681003570557,0.5439298852827654,unsure,6134.789
2025-07-02T21:50:42.440671,image,"ChatGPT Image Jul 2, 2025, 03_34_55 AM.png",Organika/sdxl-detector,0.9990338087081909,0.9990338087081909,likely_ai,11015.894
2025-07-02T21:50:42.440671,image,"ChatGPT Image Jul 2, 2025, 03_34_55 AM.png",microsoft/resnet-50,0.038275185972452164,0.9990338087081909,likely_ai,11015.894
2025-07-02T21:50:42.440671,image,"ChatGPT Image Jul 2, 2025, 03_34_55 AM.png",umm-maybe/AI-image-detector,0.41257885098457336,0.9990338087081909,likely_ai,11015.894
2025-07-02T21:50:42.440671,image,"ChatGPT Image Jul 2, 2025, 03_34_55 AM.png",saltacc/anime-ai-detect,0.23227107524871826,0.9990338087081909,likely_ai,11015.894
2025-07-02T21:51:25.264354,image,a49ccf94-2da8-4968-a26a-80178848b83a.png,Organika/sdxl-detector,0.027166660875082016,0.1372791278610627,almost_certainly_human,33323.619999999995
2025-07-02T21:51:25.264354,image,a49ccf94-2da8-4968-a26a-80178848b83a.png,microsoft/resnet-50,0.4139541983604431,0.1372791278610627,almost_certainly_human,33323.619999999995
2025-07-02T21:51:25.264354,image,a49ccf94-2da8-4968-a26a-80178848b83a.png,umm-maybe/AI-image-detector,0.14168252050876617,0.1372791278610627,almost_certainly_human,33323.619999999995
2025-07-02T21:51:25.264354,image,a49ccf94-2da8-4968-a26a-80178848b83a.png,saltacc/anime-ai-detect,0.20720833539962769,0.1372791278610627,almost_certainly_human,33323.619999999995
2025-07-02T21:56:19.183141,image,seating_chart_visual.png,Organika/sdxl-detector,0.00047278404235839844,0.1736674961689253,almost_certainly_human,12075.964
2025-07-02T21:56:19.183141,image,seating_chart_visual.png,microsoft/resnet-50,0.7840803116559982,0.1736674961689253,almost_certainly_human,12075.964
2025-07-02T21:56:19.183141,image,seating_chart_visual.png,umm-maybe/AI-image-detector,0.2835889160633087,0.1736674961689253,almost_certainly_human,12075.964
2025-07-02T21:56:19.183141,image,seating_chart_visual.png,saltacc/anime-ai-detect,0.01618349552154541,0.1736674961689253,almost_certainly_human,12075.964
2025-07-02T22:00:32.741779,image,"ChatGPT Image Jun 28, 2025, 06_59_24 PM.png",Organika/sdxl-detector,0.008838415145874023,0.6803963609211023,possibly_ai,19496.052
2025-07-02T22:00:32.741779,image,"ChatGPT Image Jun 28, 2025, 06_59_24 PM.png",microsoft/resnet-50,0.8744503855705261,0.6803963609211023,possibly_ai,19496.052
2025-07-02T22:00:32.741779,image,"ChatGPT Image Jun 28, 2025, 06_59_24 PM.png",umm-maybe/AI-image-detector,0.5028245449066162,0.6803963609211023,possibly_ai,19496.052
2025-07-02T22:00:32.741779,image,"ChatGPT Image Jun 28, 2025, 06_59_24 PM.png",saltacc/anime-ai-detect,0.05862981081008911,0.6803963609211023,possibly_ai,19496.052
2025-07-02T22:04:27.274115,image,$10 ENTRY.png,Organika/sdxl-detector,0.9677219986915588,0.9963466033538184,likely_ai,8719.277999999998
2025-07-02T22:04:27.274115,image,$10 ENTRY.png,microsoft/resnet-50,0.5472525358200073,0.9963466033538184,likely_ai,8719.277999999998
2025-07-02T22:04:27.274115,image,$10 ENTRY.png,umm-maybe/AI-image-detector,0.787539541721344,0.9963466033538184,likely_ai,8719.277999999998
2025-07-02T22:04:27.274115,image,$10 ENTRY.png,saltacc/anime-ai-detect,0.3149292469024658,0.9963466033538184,likely_ai,8719.277999999998
2025-07-02T22:06:44.951186,image,5a81e5bc-6f62-4e05-81bf-777e545990e5.png,Organika/sdxl-detector,0.07453715801239014,0.16377335717280703,almost_certainly_human,8195.875
2025-07-02T22:06:44.951186,image,5a81e5bc-6f62-4e05-81bf-777e545990e5.png,microsoft/resnet-50,0.6739611923694611,0.16377335717280703,almost_certainly_human,8195.875
2025-07-02T22:06:44.951186,image,5a81e5bc-6f62-4e05-81bf-777e545990e5.png,umm-maybe/AI-image-detector,0.03161710500717163,0.16377335717280703,almost_certainly_human,8195.875
2025-07-02T22:06:44.951186,image,5a81e5bc-6f62-4e05-81bf-777e545990e5.png,saltacc/anime-ai-detect,0.0036266446113586426,0.16377335717280703,almost_certainly_human,8195.875
2025-07-02T22:16:20.262388,image,"ChatGPT Image Jul 2, 2025, 03_35_34 AM.png",Organika/sdxl-detector,0.9990338087081909,0.9990338087081909,likely_ai,10999.44
2025-07-02T22:16:20.262388,image,"ChatGPT Image Jul 2, 2025, 03_35_34 AM.png",microsoft/resnet-50,0.038275185972452164,0.9990338087081909,likely_ai,10999.44
2025-07-02T22:16:20.262388,image,"ChatGPT Image Jul 2, 2025, 03_35_34 AM.png",umm-maybe/AI-image-detector,0.41257885098457336,0.9990338087081909,likely_ai,10999.44
2025-07-02T22:16:20.262388,image,"ChatGPT Image Jul 2, 2025, 03_35_34 AM.png",saltacc/anime-ai-detect,0.23227107524871826,0.9990338087081909,likely_ai,10999.44
2025-07-02T22:20:14.902475,image,WhatsApp Image 2025-07-02 at 06.31.03 (1).jpeg,Organika/sdxl-detector,0.995158851146698,0.5663384615331448,unsure,11576.484
2025-07-02T22:20:14.902475,image,WhatsApp Image 2025-07-02 at 06.31.03 (1).jpeg,microsoft/resnet-50,0.3829606771469116,0.5663384615331448,unsure,11576.484
2025-07-02T22:20:14.902475,image,WhatsApp Image 2025-07-02 at 06.31.03 (1).jpeg,umm-maybe/AI-image-detector,0.015068888664245605,0.5663384615331448,unsure,11576.484
2025-07-02T22:20:14.902475,image,WhatsApp Image 2025-07-02 at 06.31.03 (1).jpeg,saltacc/anime-ai-detect,0.4707801043987274,0.5663384615331448,unsure,11576.484
2025-07-02T22:25:06.161285,image,"ChatGPT Image Jul 2, 2025, 03_35_34 AM.png",Organika/sdxl-detector,0.9990338087081909,0.9990338087081909,likely_ai,11086.497
2025-07-02T22:25:06.161285,image,"ChatGPT Image Jul 2, 2025, 03_35_34 AM.png",microsoft/resnet-50,0.038275185972452164,0.9990338087081909,likely_ai,11086.497
2025-07-02T22:25:06.161285,image,"ChatGPT Image Jul 2, 2025, 03_35_34 AM.png",umm-maybe/AI-image-detector,0.41257885098457336,0.9990338087081909,likely_ai,11086.497
2025-07-02T22:25:06.161285,image,"ChatGPT Image Jul 2, 2025, 03_35_34 AM.png",saltacc/anime-ai-detect,0.23227107524871826,0.9990338087081909,likely_ai,11086.497
2025-07-02T22:30:35.627281,image,WhatsApp Image 2025-07-02 at 06.31.03 (1).jpeg,Organika/sdxl-detector,0.995158851146698,0.5663384615331448,unsure,8935.071
2025-07-02T22:30:35.627281,image,WhatsApp Image 2025-07-02 at 06.31.03 (1).jpeg,microsoft/resnet-50,0.3829606771469116,0.5663384615331448,unsure,8935.071
2025-07-02T22:30:35.627281,image,WhatsApp Image 2025-07-02 at 06.31.03 (1).jpeg,umm-maybe/AI-image-detector,0.015068888664245605,0.5663384615331448,unsure,8935.071
2025-07-02T22:30:35.627281,image,WhatsApp Image 2025-07-02 at 06.31.03 (1).jpeg,saltacc/anime-ai-detect,0.4707801043987274,0.5663384615331448,unsure,8935.071
2025-07-02T22:30:57.154635,image,WhatsApp Image 2025-07-02 at 06.31.03.jpeg,Organika/sdxl-detector,0.9999170358059928,0.9999170358059928,likely_ai,7868.8820000000005
2025-07-02T22:30:57.154635,image,WhatsApp Image 2025-07-02 at 06.31.03.jpeg,microsoft/resnet-50,0.31634432077407837,0.9999170358059928,likely_ai,7868.8820000000005
2025-07-02T22:30:57.154635,image,WhatsApp Image 2025-07-02 at 06.31.03.jpeg,umm-maybe/AI-image-detector,0.012110769748687744,0.9999170358059928,likely_ai,7868.8820000000005
2025-07-02T22:30:57.154635,image,WhatsApp Image 2025-07-02 at 06.31.03.jpeg,saltacc/anime-ai-detect,0.5750625729560852,0.9999170358059928,likely_ai,7868.8820000000005
2025-07-02T22:31:45.600807,image,IMG_2839.png,Organika/sdxl-detector,0.37167903780937195,0.23421071107188857,likely_human,5450.812
2025-07-02T22:31:45.600807,image,IMG_2839.png,microsoft/resnet-50,0.1254771500825882,0.23421071107188857,likely_human,5450.812
2025-07-02T22:31:45.600807,image,IMG_2839.png,umm-maybe/AI-image-detector,0.7835054397583008,0.23421071107188857,likely_human,5450.812
2025-07-02T22:31:45.600807,image,IMG_2839.png,saltacc/anime-ai-detect,0.09809690713882446,0.23421071107188857,likely_human,5450.812
2025-07-02T22:46:00.810541,image,IMG_2941.png,Organika/sdxl-detector,0.011184673756361008,0.14823201957088813,almost_certainly_human,6123.361
2025-07-02T22:46:00.810541,image,IMG_2941.png,microsoft/resnet-50,0.13806837797164917,0.14823201957088813,almost_certainly_human,6123.361
2025-07-02T22:46:00.810541,image,IMG_2941.png,umm-maybe/AI-image-detector,0.9967334270477295,0.14823201957088813,almost_certainly_human,6123.361
2025-07-02T22:46:00.810541,image,IMG_2941.png,saltacc/anime-ai-detect,0.11732274293899536,0.14823201957088813,almost_certainly_human,6123.361
2025-07-02T22:46:15.994707,image,IMG_8154.jpeg,Organika/sdxl-detector,0.883842833340168,0.44205669404406633,likely_human,5789.057
2025-07-02T22:46:15.994707,image,IMG_8154.jpeg,microsoft/resnet-50,0.02705269865691662,0.44205669404406633,likely_human,5789.057
2025-07-02T22:46:15.994707,image,IMG_8154.jpeg,umm-maybe/AI-image-detector,0.023248136043548584,0.44205669404406633,likely_human,5789.057
2025-07-02T22:46:15.994707,image,IMG_8154.jpeg,saltacc/anime-ai-detect,0.683703601360321,0.44205669404406633,likely_human,5789.057
2025-07-03T01:00:20.289129,image,WhatsApp Image 2025-07-02 at 06.31.03.jpeg,Organika/sdxl-detector,0.9999170358059928,0.9999170358059928,likely_ai,9020.214
2025-07-03T01:00:20.289129,image,WhatsApp Image 2025-07-02 at 06.31.03.jpeg,microsoft/resnet-50,0.31634432077407837,0.9999170358059928,likely_ai,9020.214
2025-07-03T01:00:20.289129,image,WhatsApp Image 2025-07-02 at 06.31.03.jpeg,umm-maybe/AI-image-detector,0.012110769748687744,0.9999170358059928,likely_ai,9020.214
2025-07-03T01:00:20.289129,image,WhatsApp Image 2025-07-02 at 06.31.03.jpeg,saltacc/anime-ai-detect,0.5750625729560852,0.9999170358059928,likely_ai,9020.214
2025-07-03T01:24:18.274113,text,direct_input.txt,Hello-SimpleAI/chatgpt-detector-roberta,0.0015829801559448242,0.0009548796547783746,almost_certainly_human,7702.686
2025-07-03T01:24:18.274113,text,direct_input.txt,roberta-base-openai-detector,0.0001697540283203125,0.0009548796547783746,almost_certainly_human,7702.686
2025-07-03T02:32:31.142660,image,WhatsApp Image 2025-07-02 at 06.31.03.jpeg,Organika/sdxl-detector,0.9999170358059928,0.9999170358059928,likely_ai,7966.195
2025-07-03T02:32:31.142660,image,WhatsApp Image 2025-07-02 at 06.31.03.jpeg,microsoft/resnet-50,0.31634432077407837,0.9999170358059928,likely_ai,7966.195
2025-07-03T02:32:31.142660,image,WhatsApp Image 2025-07-02 at 06.31.03.jpeg,umm-maybe/AI-image-detector,0.012110769748687744,0.9999170358059928,likely_ai,7966.195
2025-07-03T02:32:31.142660,image,WhatsApp Image 2025-07-02 at 06.31.03.jpeg,saltacc/anime-ai-detect,0.5750625729560852,0.9999170358059928,likely_ai,7966.195
2025-07-03T02:32:49.585625,text,direct_input.txt,Hello-SimpleAI/chatgpt-detector-roberta,0.017909348011016846,0.010307980908287896,almost_certainly_human,6130.652999999999
2025-07-03T02:32:49.585625,text,direct_input.txt,roberta-base-openai-detector,0.000806272029876709,0.010307980908287896,almost_certainly_human,6130.652999999999
